Group,rs10008492,rs10497191,rs1063,rs10741584,rs11034709,rs11104947,rs11224765,rs11652805,rs116783706,rs11841589,rs12006467,rs12130799,rs12229892,rs12498138,rs1250233,rs1288367,rs1371048,rs149768401,rs17034666,rs17207681,rs17451739,rs174570,rs17599827,rs17822931,rs2024566,rs2042762,rs2261033,rs239031,rs2642066,rs2717329,rs2851012,rs28777,rs2920295,rs3217805,rs3809161,rs434124,rs464165,rs4704322,rs4907251,rs530357165,rs534029120,rs535319466,rs546642722,rs56142203,rs570435573,rs59950930,rs6078837,rs6123723,rs6548616,rs6969817,rs722869,rs7554936,rs7596027,rs7745461,rs7799912,rs79200067,rs9285110,rs9522149
SNH_demo1,22,11,22,22,11,11,22,21,22,22,22,22,11,22,21,11,21,21,21,21,11,11,21,21,11,11,11,22,22,22,21,22,21,21,22,21,22,22,11,22,11,22,22,11,11,22,21,11,21,21,21,11,21,11,21,22,22,11
SNH_demo2,22,22,21,11,21,21,21,21,21,21,21,11,22,21,21,21,21,21,21,22,22,21,22,11,21,11,11,21,22,11,21,11,11,11,11,22,11,11,11,22,11,11,22,22,22,11,22,22,11,22,11,21,22,21,11,22,11,21
SNH_demo3,11,22,22,21,11,22,21,22,22,11,22,11,22,21,22,11,11,21,22,22,21,22,22,11,22,22,21,21,11,22,22,22,11,11,21,11,22,22,11,22,22,11,11,22,22,22,21,21,21,11,21,11,11,21,21,21,22,21
SNH_demo4,22,11,22,21,11,11,11,22,21,11,11,11,22,22,21,22,11,21,11,11,22,21,22,22,21,11,11,21,11,21,21,22,21,22,11,11,11,11,22,11,21,21,21,22,11,11,11,22,21,21,11,21,21,22,22,22,22,11
SNH_demo5,22,21,11,21,21,21,22,22,11,11,22,21,11,22,22,22,21,22,22,22,22,11,11,22,21,11,22,11,11,21,22,22,21,21,22,22,21,11,11,21,11,21,11,11,22,22,11,11,22,22,22,21,11,22,11,21,21,22
SNH_demo6,21,11,22,11,11,21,21,21,21,21,22,11,11,11,11,21,11,22,22,11,11,22,22,21,22,21,21,21,21,21,11,22,21,22,22,21,11,21,11,22,11,11,11,22,22,11,11,21,11,21,11,21,22,11,11,11,11,21
SNH_demo7,11,22,22,11,22,11,11,22,11,22,21,11,21,22,21,21,22,21,21,22,21,22,21,22,22,21,21,21,11,11,11,22,21,22,11,21,22,21,22,21,11,11,21,22,11,11,11,21,21,22,22,22,21,21,22,22,21,22
SNH_demo8,11,21,22,21,11,21,21,21,21,11,21,21,22,21,22,11,11,11,11,22,21,11,21,22,22,22,11,21,21,21,22,11,22,22,21,22,21,11,21,11,21,22,22,11,11,11,21,21,11,22,21,21,21,11,11,11,11,11
SNH_demo9,22,22,11,21,11,22,22,21,22,11,21,11,11,21,11,22,11,21,21,21,11,21,21,11,22,11,21,21,11,22,21,21,21,11,21,22,21,21,22,21,11,11,11,22,21,11,22,21,22,11,11,11,22,22,11,22,11,11
SNH_demo10,21,22,11,11,22,21,21,11,22,21,22,22,11,21,11,21,21,21,21,21,22,11,22,21,11,21,11,22,11,11,11,11,11,21,11,11,22,11,22,21,11,22,22,21,11,11,22,11,22,11,22,11,21,11,11,21,11,21
SNH_demo11,11,22,22,11,11,11,22,11,22,21,22,22,21,22,11,11,22,11,22,11,11,22,11,22,11,11,21,21,22,21,22,21,11,22,22,11,22,22,21,22,11,21,21,11,11,21,22,21,11,21,11,21,22,21,21,11,11,11
SNH_demo12,21,22,11,11,21,11,22,22,11,11,21,22,22,11,21,22,22,21,21,22,22,21,22,11,11,21,21,21,11,22,11,22,11,22,11,21,11,22,11,11,11,21,11,21,21,11,11,11,22,11,21,11,22,11,22,22,11,21
SNH_demo13,22,11,11,21,22,22,11,11,21,21,22,22,11,22,21,21,11,21,21,21,21,11,11,22,21,22,11,11,11,11,11,11,11,21,22,11,21,21,22,11,22,11,21,21,21,21,22,11,11,22,11,21,11,21,22,11,22,11
SNH_demo14,21,22,11,21,22,22,11,11,11,21,11,22,22,11,11,22,21,11,11,22,11,21,22,11,22,11,11,11,21,21,22,11,11,21,11,21,11,22,11,11,21,11,11,21,22,22,21,21,21,21,21,22,22,21,11,21,11,21
SNH_demo15,21,22,11,11,22,22,22,22,11,11,21,21,22,22,22,21,21,21,21,21,21,21,22,22,22,22,21,11,21,11,22,21,22,21,22,11,11,11,21,11,21,11,11,21,21,11,21,11,21,22,22,22,22,22,11,22,22,22
SNH_demo16,22,21,11,22,22,22,11,21,11,21,22,22,11,11,21,21,11,21,11,21,11,11,11,21,21,21,11,21,21,11,22,11,21,11,22,11,21,22,21,22,22,11,11,21,11,11,22,11,22,22,22,21,21,21,22,21,21,11
SNH_demo17,21,21,22,22,22,22,22,22,21,22,22,11,21,21,21,22,22,22,11,22,11,21,22,11,11,22,21,21,21,11,11,11,11,21,22,11,11,21,22,22,21,21,22,11,22,21,11,11,21,21,21,22,22,11,21,11,11,11
SNH_demo18,11,21,11,21,21,22,21,22,21,21,21,22,22,11,22,22,22,22,11,22,21,21,22,22,21,21,11,21,21,22,21,11,21,22,22,21,22,11,11,21,21,21,22,11,11,22,11,21,21,21,11,21,22,22,11,22,22,11
SNH_demo19,21,21,21,11,22,21,21,11,21,11,22,11,11,11,11,22,22,21,22,22,21,22,11,11,21,21,21,11,22,11,21,22,22,11,21,11,22,11,11,21,21,22,11,11,11,22,22,21,21,21,11,11,21,11,21,22,21,22
SNH_demo20,11,21,11,22,22,22,11,11,11,11,22,22,21,21,11,22,22,22,21,21,22,22,22,21,22,22,11,11,21,22,22,11,21,11,11,11,11,22,22,11,21,21,21,21,11,22,21,11,21,21,11,22,22,11,22,11,11,11
SNH_demo21,22,11,21,22,22,22,22,21,22,22,11,22,21,21,21,21,22,22,21,21,22,21,11,21,21,11,11,22,22,11,11,22,21,11,22,21,11,21,22,11,21,11,21,22,22,11,21,11,11,21,21,21,22,11,11,22,21,22
SNH_demo22,22,22,11,22,11,11,11,21,11,11,21,11,22,22,11,21,22,21,21,22,21,22,21,22,11,22,22,22,22,21,11,22,21,11,11,11,11,22,22,21,21,21,11,11,22,11,11,11,21,21,22,11,11,22,11,11,21,22
SNH_demo23,22,22,22,21,21,11,11,11,11,21,22,21,11,21,22,22,21,21,21,11,21,21,21,22,22,11,11,22,22,22,21,21,22,21,21,11,22,22,21,22,11,11,11,22,22,22,22,22,11,21,11,22,11,22,22,11,22,21
SNH_demo24,22,21,21,22,11,21,11,21,22,22,21,22,21,22,11,22,11,22,11,22,11,21,21,11,22,11,22,21,22,21,22,22,22,11,11,21,21,11,21,11,22,21,21,11,21,21,22,21,22,11,21,22,11,21,11,21,11,11
SNH_demo25,22,11,21,21,22,21,21,21,11,11,21,22,11,22,21,21,11,21,11,21,21,11,11,11,21,21,22,11,21,21,11,22,11,22,21,22,21,11,11,11,22,21,11,11,21,11,21,21,21,21,21,22,11,22,11,22,21,11
SNH_demo26,11,22,22,11,22,22,22,21,21,22,22,21,21,11,11,21,22,22,22,22,11,21,22,11,22,21,11,21,21,11,11,11,11,11,11,11,22,21,11,22,22,22,21,11,22,21,21,21,22,11,22,22,11,11,11,21,11,22
SNH_demo27,11,22,21,22,22,11,11,22,11,21,21,11,21,11,22,22,21,11,11,21,22,21,22,11,22,21,11,21,21,22,21,22,11,22,11,22,21,22,22,11,21,22,21,22,22,21,22,21,22,11,21,22,22,11,21,22,11,22
SNH_demo28,21,22,22,22,22,11,11,21,11,11,21,11,11,21,21,21,22,22,21,21,21,22,22,11,11,21,22,22,22,21,11,21,11,11,21,11,11,22,11,21,21,11,22,22,11,11,21,11,22,11,21,21,21,21,21,11,11,11
SNH_demo29,11,21,22,11,22,11,11,22,21,11,11,11,22,21,22,22,21,22,21,11,21,11,22,22,11,22,21,11,22,11,21,21,22,21,11,21,11,11,21,22,21,11,11,21,22,22,11,11,22,21,11,11,22,21,22,21,21,21
SNH_demo30,11,22,22,21,11,11,22,11,11,21,11,21,22,11,22,22,11,11,22,11,21,21,11,22,11,11,22,22,21,22,21,22,11,21,21,21,11,11,11,11,11,21,11,21,11,22,21,22,21,22,11,11,11,21,22,11,22,22
SNH_demo31,11,11,22,11,11,11,21,22,22,21,22,11,22,11,21,11,22,22,22,21,21,22,11,21,22,22,21,21,21,11,11,22,21,11,21,22,11,11,11,22,21,11,22,21,22,21,22,21,11,21,22,22,21,11,11,21,21,22
SNH_demo32,11,21,11,21,21,11,21,21,22,21,21,21,22,11,22,22,11,22,11,22,11,21,22,22,22,22,21,22,21,21,21,21,11,11,22,11,11,22,22,22,11,11,22,21,22,21,21,22,22,22,11,21,11,11,22,11,22,21
SNH_demo33,22,11,11,22,22,11,21,21,22,21,11,22,11,11,21,22,22,21,11,11,11,11,22,22,21,21,22,22,11,11,21,22,21,22,11,21,21,22,11,21,11,21,11,22,21,21,11,11,21,22,11,11,11,21,21,21,21,22
SNH_demo34,22,21,22,11,11,11,21,11,22,21,22,11,11,11,21,22,21,21,11,21,21,11,21,11,11,11,11,21,11,11,21,21,22,21,21,22,21,21,21,21,22,21,21,22,11,22,11,22,22,21,11,21,11,22,22,11,21,21
SNH_demo35,21,21,22,22,22,22,22,21,21,21,21,22,22,22,11,21,21,22,21,21,22,11,11,11,22,21,22,22,21,11,11,22,11,22,22,21,21,21,22,21,11,11,22,22,21,22,22,11,11,21,22,22,11,22,11,21,11,22
SNH_demo36,21,11,11,21,21,11,22,11,21,11,21,21,22,21,21,22,21,22,22,21,21,11,22,11,21,11,22,11,22,21,21,22,21,21,21,21,22,11,11,21,11,11,21,21,11,22,21,22,11,21,22,21,11,22,11,11,21,22
SNH_demo37,11,11,22,11,11,22,22,22,22,21,22,21,21,21,11,21,21,11,11,11,22,11,11,21,11,22,11,22,11,11,11,11,22,22,21,22,11,21,21,21,11,22,11,21,11,11,22,22,21,11,11,22,11,11,11,22,21,21
SNH_demo38,11,21,22,22,21,21,11,21,11,11,22,22,22,22,21,22,21,22,21,11,21,21,22,21,11,11,22,11,21,11,22,21,22,21,11,22,22,21,22,21,21,21,21,11,21,22,11,22,11,21,11,11,22,22,21,11,11,11
SNH_demo39,21,21,21,21,21,22,11,11,11,11,11,11,11,11,22,11,22,21,11,21,21,21,22,21,21,21,11,11,22,22,11,22,11,21,21,22,11,11,22,11,21,22,22,11,22,11,11,11,11,11,22,21,21,22,22,21,21,21
SNH_demo40,21,21,11,22,11,21,21,21,11,11,21,11,11,21,11,22,22,22,22,21,21,21,22,22,11,11,22,22,22,22,11,22,11,22,22,22,11,11,21,22,21,21,11,11,21,22,11,22,22,21,21,21,21,11,11,21,11,21
SNH_demo41,22,22,22,21,22,11,22,22,22,11,21,11,21,21,22,21,11,11,21,22,22,11,22,21,21,11,21,11,21,11,22,21,21,11,11,21,11,21,22,11,21,22,22,21,11,21,22,21,11,22,21,11,22,11,22,21,11,22
SNH_demo42,11,11,21,11,22,22,22,22,21,11,21,11,11,11,21,11,21,22,22,11,21,22,21,21,11,22,11,11,22,22,21,22,21,21,21,22,11,21,11,11,22,11,11,22,21,11,22,11,11,21,11,22,11,21,21,22,21,11
SNH_demo43,21,22,21,21,21,22,21,21,11,22,21,22,21,21,21,11,11,11,22,22,11,22,21,21,21,11,22,11,22,21,11,22,22,21,11,11,11,21,11,21,21,21,22,11,11,21,21,11,21,11,22,21,11,21,11,11,21,22
SNH_demo44,11,11,11,22,22,21,22,21,21,22,21,22,21,22,22,21,11,21,22,11,21,21,21,11,22,21,21,21,21,21,22,22,21,11,22,11,22,21,22,21,22,21,21,21,21,11,21,11,11,21,11,22,21,11,21,21,21,11
SNH_demo45,22,22,11,21,11,11,11,21,11,21,11,22,11,11,22,21,21,11,22,21,11,22,21,21,22,22,22,22,11,22,21,21,11,21,21,22,21,11,22,22,11,22,22,11,22,11,11,21,21,22,22,11,22,11,11,22,11,21
SNH_demo46,22,21,22,11,22,21,11,22,22,22,21,21,22,11,11,21,11,21,22,21,21,22,11,21,21,22,11,21,22,21,22,11,11,11,11,21,21,11,11,11,21,11,11,11,22,11,22,22,11,22,11,21,21,21,21,22,11,11
SNH_demo47,11,21,21,11,21,11,11,11,11,11,11,11,21,11,11,21,21,21,11,22,22,21,22,21,11,22,11,22,11,22,11,11,22,11,11,11,22,22,11,11,22,22,11,11,11,21,22,21,22,22,22,22,22,22,22,21,11,11
SNH_demo48,21,21,21,21,22,11,22,11,11,21,22,21,22,11,21,21,11,11,11,21,22,21,22,21,21,11,22,21,21,11,11,22,21,22,21,22,11,21,22,11,11,22,21,21,11,21,21,21,11,22,21,11,11,22,21,21,22,22
SNH_demo49,11,11,22,21,11,11,21,11,21,21,21,22,22,22,21,21,22,11,21,11,11,21,21,11,11,22,22,21,22,22,22,22,11,21,22,11,11,11,22,22,21,22,22,11,21,22,22,11,11,22,21,21,11,11,22,11,22,21
SNH_demo50,21,22,11,21,11,21,22,22,22,21,11,11,11,21,21,21,21,21,11,21,21,11,21,11,11,22,22,22,22,21,22,11,21,22,11,21,21,22,21,11,21,11,21,22,11,21,21,21,11,11,11,22,22,11,21,22,11,21
SNH_demo51,22,21,21,21,21,22,22,22,11,22,21,22,21,11,21,21,21,11,22,22,11,21,22,11,22,11,21,22,11,22,22,22,22,11,21,11,11,11,21,22,22,22,21,22,21,22,22,11,21,11,11,11,21,21,22,11,22,11
SNH_demo52,21,21,21,11,21,11,22,11,22,11,22,21,22,21,21,22,11,11,11,11,11,21,11,21,21,21,22,22,21,22,11,11,21,11,21,21,11,22,11,11,21,21,21,21,22,22,22,21,21,21,22,21,11,11,21,11,11,22
SNH_demo53,21,21,22,11,11,21,11,22,22,21,22,22,21,22,22,22,11,21,21,21,11,11,21,11,21,11,22,22,21,11,11,22,22,11,11,11,11,11,11,21,11,22,21,11,22,21,22,11,11,11,11,21,21,22,11,22,21,11
SNH_demo54,11,21,21,21,21,21,11,21,11,11,21,21,11,21,21,21,22,11,22,21,22,21,22,21,22,22,22,11,22,11,21,22,21,21,22,11,22,21,21,22,11,11,21,21,11,22,21,11,21,22,11,21,22,21,22,22,11,22
SNH_demo55,21,22,22,11,22,22,21,11,11,11,22,11,22,22,21,21,21,21,21,22,22,11,22,22,21,22,21,11,11,22,11,22,11,21,21,21,21,22,11,22,21,22,11,22,11,22,11,11,21,11,21,21,21,22,22,22,22,11
SNH_demo56,11,22,11,11,21,21,21,21,11,22,11,11,11,21,21,21,22,11,22,21,22,11,11,21,21,22,21,21,11,21,21,11,11,22,21,11,22,22,21,21,22,11,22,21,11,11,22,21,22,22,22,11,11,21,21,22,22,22
SNH_demo57,21,11,11,22,22,22,22,21,11,22,21,22,22,11,22,11,11,11,21,21,11,22,11,22,11,22,21,22,11,21,22,22,22,22,22,21,21,21,21,11,21,22,22,21,22,21,22,11,11,21,21,21,22,21,11,22,21,22
SNH_demo58,22,21,22,11,11,22,21,22,11,22,22,11,22,22,21,21,11,11,11,21,11,11,11,21,22,11,22,11,22,21,21,11,22,21,11,11,21,21,11,22,22,22,11,21,11,21,22,22,21,21,11,22,11,11,11,22,11,11
SNH_demo59,11,11,11,11,22,11,21,11,11,22,22,21,21,22,22,11,22,21,11,21,11,22,21,11,11,22,22,22,21,11,22,21,21,21,22,22,11,11,22,21,21,21,11,21,11,11,21,21,22,22,21,11,11,11,11,11,22,21
SNH_demo60,22,11,11,11,11,21,11,21,11,21,22,11,21,22,11,11,11,21,21,22,21,21,11,11,11,11,11,11,11,22,22,22,22,11,22,11,22,21,22,22,11,22,21,11,11,22,11,11,11,11,11,11,21,22,21,11,11,22
SNH_demo61,21,22,21,11,22,22,11,22,21,21,21,21,11,22,21,11,22,22,11,11,21,22,22,11,22,21,22,11,11,21,21,22,22,11,21,21,21,22,21,11,11,22,22,21,22,11,21,11,21,22,21,21,11,11,21,22,22,11
SNH_demo62,22,11,22,21,11,11,21,11,22,22,11,22,11,21,11,21,22,21,22,11,22,11,11,21,21,21,21,22,22,22,11,22,22,22,21,22,11,21,11,22,21,11,22,11,11,11,22,22,11,21,21,22,22,22,22,22,21,22
SNH_demo63,11,11,21,11,21,21,11,22,11,11,21,11,21,22,22,22,11,21,22,21,21,22,22,21,22,21,21,22,11,22,11,21,21,11,21,11,11,21,11,22,22,21,21,11,11,11,11,22,22,21,11,11,21,11,11,11,11,11
SNH_demo64,21,11,21,11,22,22,22,22,21,21,11,22,21,11,11,21,22,11,22,22,22,11,22,11,22,11,22,21,22,22,11,11,22,21,21,11,21,22,11,22,11,11,11,11,21,22,22,22,11,21,22,21,11,22,21,11,21,22
SNH_demo65,22,11,11,11,21,21,21,11,22,22,21,21,22,22,21,21,22,11,21,22,22,22,22,11,22,21,11,22,11,21,22,21,22,22,22,22,22,11,22,22,11,11,11,11,11,11,22,22,21,22,22,11,11,22,21,11,22,22
SNH_demo66,21,21,11,21,22,22,21,21,21,21,11,21,11,22,21,11,21,22,22,22,21,21,11,22,21,22,22,11,11,11,11,22,11,11,11,11,22,11,22,21,22,22,11,21,21,21,21,22,21,22,22,22,21,11,11,21,11,11
SNH_demo67,22,22,21,21,11,22,21,21,21,21,21,21,11,22,22,21,22,22,22,21,21,22,22,21,11,22,11,22,11,11,11,21,11,11,11,22,11,22,11,11,21,22,11,22,22,21,21,21,21,21,21,21,21,11,22,21,21,22
SNH_demo68,11,22,22,21,22,22,21,21,21,21,22,22,11,11,22,11,22,11,21,11,21,21,21,21,11,22,21,11,21,11,11,11,22,11,11,22,22,11,22,21,21,22,22,11,22,11,21,22,11,11,21,22,21,11,11,22,11,22
SNH_demo69,21,22,22,11,11,22,11,11,11,22,11,22,11,21,11,11,22,22,11,21,11,11,21,22,11,22,22,21,21,22,11,22,11,11,21,11,11,22,21,11,11,21,22,21,21,11,11,22,11,11,21,11,22,21,22,21,11,21
SNH_demo70,21,11,11,22,22,11,11,11,21,21,21,11,22,11,21,21,11,11,21,21,21,11,21,21,22,11,22,22,21,11,21,11,22,11,21,21,21,11,22,22,11,21,22,21,11,21,22,22,21,11,21,11,21,22,11,11,11,22
SNH_demo71,21,22,11,21,22,11,11,22,22,22,11,22,11,22,11,11,21,22,22,11,11,11,21,21,11,22,22,21,21,11,22,11,21,22,22,21,11,11,22,21,22,21,11,21,11,21,22,11,22,22,11,11,22,22,22,22,11,11
SNH_demo72,22,21,21,11,22,22,11,21,21,21,11,21,11,11,22,21,11,21,21,22,21,22,11,21,11,21,11,21,21,21,21,21,21,21,21,21,11,22,21,22,21,21,11,11,22,11,11,22,11,21,22,22,21,11,22,22,21,21
SNH_demo73,11,22,11,11,21,22,22,22,21,21,21,21,21,22,11,22,11,21,11,22,22,11,21,21,22,11,21,21,22,21,11,22,22,11,22,21,21,11,21,11,11,21,11,21,22,22,11,21,21,22,22,21,11,22,11,11,22,11
SNH_demo74,11,21,11,21,22,22,21,22,11,11,11,22,11,22,11,21,22,22,11,22,22,21,21,11,21,11,11,11,22,21,11,21,11,21,21,11,22,21,22,22,11,11,11,21,11,11,21,21,11,11,11,11,22,22,11,22,21,22
SNH_demo75,22,11,22,22,22,22,21,11,11,21,22,21,22,21,11,11,11,22,22,21,21,11,22,21,22,22,11,11,22,22,22,22,11,21,11,21,22,21,11,11,22,11,22,11,11,22,21,11,21,11,11,11,11,21,21,11,11,21
SNH_demo76,22,22,21,11,11,22,22,21,22,21,22,22,22,11,11,11,22,21,21,21,21,11,11,22,22,21,11,21,22,22,21,22,21,11,21,11,11,22,22,22,21,21,22,21,22,21,11,11,22,21,21,11,11,22,11,22,11,11
SNH_demo77,21,11,11,22,11,22,11,11,22,21,22,22,22,21,11,22,22,21,22,11,21,11,11,21,22,11,11,11,11,21,21,11,22,11,22,11,22,11,22,11,11,22,21,22,21,11,22,22,22,21,21,11,21,21,11,22,22,11
SNH_demo78,22,21,11,11,11,22,11,11,11,22,21,11,21,22,22,22,22,21,11,22,22,21,21,22,11,11,22,21,22,22,21,22,22,22,21,11,11,21,11,22,11,22,11,21,11,11,11,21,11,21,22,11,21,21,11,22,21,11
SNH_demo79,22,21,21,22,22,11,11,21,22,22,22,21,22,22,21,11,11,21,22,21,11,11,21,21,11,21,11,21,21,21,11,21,11,11,21,21,11,11,22,11,22,22,22,21,21,11,22,21,21,21,21,21,22,22,22,22,11,22
SNH_demo80,21,22,11,21,22,22,22,21,21,11,21,21,22,21,22,22,21,11,11,21,11,22,22,21,11,11,22,21,11,21,11,22,22,21,22,11,22,21,21,21,11,11,11,11,11,22,11,11,22,11,21,11,11,21,21,21,21,11
SNH_demo81,21,21,22,21,21,22,22,11,22,11,22,22,11,22,11,22,21,22,11,22,11,11,21,21,11,22,11,11,22,22,22,22,11,11,21,11,22,21,22,11,21,22,21,21,11,22,21,21,22,21,21,21,22,22,22,22,11,21
SNH_demo82,22,21,21,11,22,22,21,22,21,21,11,11,11,21,22,11,22,11,11,21,11,11,21,22,11,21,11,21,22,22,21,21,21,22,11,22,21,21,22,21,22,21,11,11,21,22,11,22,21,22,11,22,22,21,21,21,11,11
SNH_demo83,21,21,11,11,11,11,21,11,21,22,22,11,22,22,22,11,11,22,21,22,11,11,11,22,21,11,11,22,21,22,11,21,21,11,21,21,22,11,11,11,11,11,21,22,11,22,22,21,11,21,11,21,22,11,22,22,21,11
SNH_demo84,22,21,11,11,22,11,22,11,21,22,22,11,11,22,11,21,11,21,21,21,21,21,11,21,11,21,22,21,22,21,21,21,22,22,21,11,21,22,21,22,22,22,21,22,22,21,22,21,22,11,11,22,11,21,11,22,22,21
SNH_demo85,22,21,11,11,21,21,22,11,21,11,21,11,22,11,11,11,11,11,22,21,11,22,11,11,21,11,22,22,21,11,22,11,11,11,21,11,22,11,22,11,22,22,11,11,22,21,11,21,11,11,11,11,21,11,22,22,21,11
SNH_demo86,22,21,11,22,22,21,11,11,22,22,22,11,21,21,11,21,22,21,21,21,22,11,22,11,11,11,21,21,11,11,21,22,11,22,21,11,22,22,22,21,21,22,22,21,22,22,21,22,22,22,21,22,21,21,11,11,22,21
SNH_demo87,11,22,11,11,21,21,11,11,21,22,21,11,22,11,22,11,22,22,11,22,21,11,21,11,22,22,22,11,21,21,11,11,21,21,21,21,11,11,22,21,22,11,11,22,21,21,21,21,22,22,11,21,21,21,22,21,22,21
SNH_demo88,21,11,21,21,11,22,22,21,22,21,11,11,21,11,11,21,21,11,22,22,21,21,22,11,22,22,22,22,21,21,11,11,11,11,22,21,21,11,11,22,22,11,21,21,21,11,21,22,22,11,22,11,21,21,21,22,11,21
SNH_demo89,11,21,22,22,11,22,22,11,21,22,11,22,22,22,22,11,11,11,22,22,22,11,22,21,22,21,22,11,22,21,21,22,21,21,11,22,22,22,21,22,22,11,11,11,21,22,11,11,11,22,22,22,21,21,11,22,11,22
SNH_demo90,22,22,21,21,22,11,22,22,11,22,11,21,21,11,21,21,11,21,22,22,11,21,22,22,21,21,22,22,11,11,22,11,22,22,11,11,21,21,21,22,11,22,11,22,21,21,21,22,11,11,21,21,21,21,11,22,22,22
SNH_demo91,22,21,21,21,22,21,21,11,11,21,11,11,21,21,21,21,22,22,21,11,21,21,11,22,21,21,22,22,11,22,22,22,11,22,22,11,22,22,11,21,11,22,22,22,11,22,22,11,21,21,22,11,22,11,11,21,21,11
SNH_demo92,22,21,22,21,21,22,21,21,22,21,21,21,22,11,22,11,21,11,22,22,21,11,21,21,22,11,11,11,11,21,21,22,21,21,22,22,22,21,21,22,22,22,21,21,11,21,21,21,22,21,22,11,11,22,22,22,21,11
SNH_demo93,22,21,11,21,11,21,11,11,21,22,11,22,21,22,22,22,22,22,11,11,11,21,22,11,21,11,11,22,21,22,22,11,22,21,22,22,22,11,21,11,11,11,11,11,21,22,11,11,21,21,22,21,22,11,11,22,21,22
SNH_demo94,21,11,21,22,22,11,21,21,21,11,21,22,21,11,21,21,22,21,22,22,11,22,22,11,22,11,21,11,22,11,22,21,11,21,22,22,21,11,11,22,21,21,11,11,11,21,11,11,22,11,11,21,21,22,11,22,21,22
SNH_demo95,21,22,22,11,22,11,11,11,11,22,21,21,21,22,11,21,22,11,21,11,21,21,21,11,22,11,21,11,22,11,22,22,11,21,22,11,22,21,11,11,11,21,22,11,22,22,21,11,22,11,11,21,11,11,22,21,11,22
SNH_demo96,21,21,22,22,22,22,22,11,11,21,11,11,11,22,21,21,21,21,11,11,22,21,11,11,22,22,22,11,11,22,21,22,22,22,22,11,21,22,21,21,21,22,11,22,21,21,11,22,21,11,21,11,11,22,21,22,21,22
SNH_demo97,21,22,11,21,21,11,22,21,21,22,11,22,22,22,21,11,11,22,21,22,21,21,21,21,11,21,21,22,22,11,22,21,22,11,22,22,11,11,21,22,21,22,22,21,22,22,22,11,21,11,21,21,22,21,11,11,11,21
SNH_demo98,11,21,11,11,21,11,22,21,21,21,22,21,11,11,11,21,11,21,11,22,22,22,22,21,11,22,21,22,22,21,21,11,11,22,22,11,11,21,11,11,22,11,22,11,21,11,11,11,22,21,11,22,21,22,22,21,11,22
SNH_demo99,22,11,11,21,21,21,11,22,22,21,11,22,21,22,22,11,11,22,21,11,22,11,11,11,22,21,21,21,11,22,11,21,21,22,11,21,22,11,11,21,21,11,11,21,11,21,11,21,22,21,21,22,11,22,21,11,22,11
SNH_demo100,11,22,11,22,21,11,21,21,11,22,11,21,21,22,11,21,21,21,22,21,21,11,11,21,21,11,22,22,22,22,22,22,22,22,11,22,22,22,21,11,11,11,22,22,21,11,22,11,21,21,21,11,22,22,21,22,21,11
ZHG_demo1,21,11,21,22,22,21,22,22,22,11,22,11,21,22,22,22,21,11,11,22,21,21,21,21,21,11,11,11,22,21,22,21,11,22,11,21,21,21,11,21,11,22,21,21,21,22,21,11,11,21,21,22,22,22,21,22,22,11
ZHG_demo2,22,11,11,22,11,21,21,22,21,11,21,22,22,11,22,21,22,11,22,21,11,21,11,22,11,11,22,21,22,11,22,11,22,22,21,11,21,11,22,11,21,21,21,11,21,21,21,22,22,11,11,21,22,21,21,22,22,22
ZHG_demo3,11,11,21,11,22,22,11,21,21,11,21,21,21,22,22,11,22,21,22,11,22,21,21,11,22,22,22,21,11,22,21,21,21,22,22,22,22,22,22,22,22,22,21,22,11,21,22,11,22,11,11,11,11,21,21,11,22,11
ZHG_demo4,21,22,21,21,22,11,11,11,11,22,22,22,21,22,11,21,11,11,22,22,11,11,21,22,21,21,21,11,21,21,11,22,22,21,11,22,21,21,11,21,22,11,22,22,22,21,21,22,22,11,11,21,21,11,22,21,22,11
ZHG_demo5,21,21,11,21,11,21,11,21,22,22,22,21,21,22,22,11,11,11,22,22,22,11,21,22,21,21,21,11,21,22,11,22,22,11,22,22,11,22,21,22,21,22,11,11,22,11,22,11,21,22,21,21,22,21,22,21,22,22
ZHG_demo6,11,22,22,21,22,11,21,21,11,21,21,21,21,11,11,21,21,11,11,11,21,21,22,11,21,11,21,11,21,22,22,11,21,21,11,21,11,21,11,21,11,21,22,21,11,22,21,22,21,22,11,21,21,11,22,11,11,22
ZHG_demo7,11,21,21,21,11,21,21,21,21,21,21,11,21,21,22,11,11,11,11,21,21,22,22,11,22,22,11,11,22,21,22,22,21,21,11,11,22,21,11,22,21,22,11,11,21,22,21,11,11,22,22,22,21,22,22,11,11,22
ZHG_demo8,22,11,22,21,21,21,22,11,22,22,11,11,11,21,22,11,22,21,21,11,11,22,11,22,11,22,22,22,22,21,22,11,21,21,22,21,22,11,22,21,11,22,11,11,21,11,21,11,22,11,22,22,11,22,11,11,22,22
ZHG_demo9,21,22,21,22,11,22,11,11,11,21,22,11,11,21,22,22,21,21,22,21,22,22,11,11,22,22,22,22,22,22,21,22,21,21,22,22,21,21,22,22,21,21,21,11,21,11,22,22,21,22,22,22,22,11,11,21,21,21
ZHG_demo10,22,22,11,11,21,11,11,11,11,11,21,21,11,21,22,11,22,21,21,22,21,11,22,11,22,21,22,22,11,21,11,21,11,22,11,21,21,22,21,11,22,21,21,11,11,22,21,11,22,21,21,22,22,11,21,21,21,22
ZHG_demo11,11,21,22,21,11,21,11,11,21,21,11,22,11,21,21,22,11,11,11,21,11,22,21,21,11,22,21,21,11,11,22,11,22,21,22,22,22,21,11,21,11,22,22,22,22,22,11,11,22,21,21,22,11,21,21,21,22,21
ZHG_demo12,21,21,21,11,22,22,11,11,22,21,21,22,21,11,21,21,21,22,11,21,22,21,11,21,11,21,11,21,11,21,21,22,22,11,21,11,22,11,11,22,21,11,22,21,22,11,21,21,22,22,22,21,21,11,21,11,22,22
ZHG_demo13,21,22,22,21,11,21,11,21,21,22,21,21,11,22,11,11,22,22,22,21,22,22,22,11,11,21,11,21,11,22,11,21,11,22,21,22,22,21,22,22,11,22,22,22,22,21,11,22,22,21,22,21,11,11,22,22,22,21
ZHG_demo14,22,22,11,22,11,22,11,22,11,21,11,11,11,22,22,22,21,21,11,21,11,11,11,21,22,21,11,11,21,11,11,21,21,21,11,11,22,22,21,22,11,22,11,21,21,11,22,21,21,22,22,11,22,22,22,11,11,21
ZHG_demo15,11,21,22,21,21,22,21,11,11,11,11,21,21,22,21,21,21,22,11,21,22,22,22,11,21,22,11,22,22,22,22,22,11,21,21,21,21,11,11,11,22,22,22,21,22,21,22,21,22,22,11,22,22,11,21,11,11,21
ZHG_demo16,22,21,22,22,21,11,21,22,21,21,22,11,21,22,22,21,11,21,11,11,11,11,21,22,22,22,22,22,22,21,11,22,21,22,22,11,11,11,22,22,22,11,21,22,22,22,21,22,21,22,21,22,11,11,11,11,22,11
ZHG_demo17,21,11,11,11,22,11,21,11,11,11,21,11,21,21,11,21,22,11,11,21,21,11,22,21,21,22,22,11,22,11,22,21,11,11,11,22,21,11,11,11,11,21,22,21,11,21,11,22,22,22,11,21,22,11,11,21,22,11
ZHG_demo18,21,22,21,21,11,11,11,21,11,21,21,11,22,22,22,21,21,21,11,21,11,11,22,22,22,11,11,11,21,11,22,22,11,11,22,11,22,21,22,21,11,11,21,11,21,11,22,11,22,22,21,11,21,11,22,22,11,11
ZHG_demo19,21,11,11,11,21,11,22,21,21,22,22,22,11,22,11,21,21,22,11,22,22,11,22,21,22,11,11,21,11,11,21,22,21,22,21,22,21,22,21,22,21,11,22,21,22,22,21,22,21,11,22,11,22,22,22,21,11,22
ZHG_demo20,21,22,21,22,11,11,22,21,22,21,22,21,11,22,11,11,22,22,21,21,11,21,21,22,21,11,21,11,22,11,21,22,21,22,22,21,21,22,22,21,11,21,22,21,11,21,22,21,22,22,21,22,22,11,11,11,11,22
ZHG_demo21,21,22,22,22,21,11,22,22,11,22,21,22,22,11,22,22,21,11,11,21,22,11,11,22,22,11,22,11,22,22,21,22,21,22,11,11,22,22,11,22,21,21,21,21,21,22,22,21,22,22,21,22,22,22,21,22,11,11
ZHG_demo22,21,11,21,11,11,11,21,21,22,21,11,11,21,21,21,22,11,22,22,11,11,21,21,22,21,21,11,11,21,11,21,11,11,11,11,21,22,11,21,21,11,22,11,21,22,21,11,22,21,21,21,11,22,11,11,11,22,11
ZHG_demo23,11,11,11,21,11,21,11,22,21,21,21,21,22,11,21,22,21,11,21,22,11,22,11,11,11,21,22,22,22,11,21,11,22,21,21,21,22,21,21,11,11,21,21,11,11,11,22,22,11,21,11,22,21,22,21,22,21,21
ZHG_demo24,21,21,22,22,21,21,22,21,21,21,11,21,11,21,22,11,11,21,21,11,22,22,21,22,22,21,22,21,11,21,11,11,22,22,22,21,22,11,22,22,21,21,11,21,22,21,11,22,11,21,21,11,22,21,21,22,21,11
ZHG_demo25,21,21,22,11,22,21,21,22,22,22,11,21,22,21,11,11,11,11,21,11,11,22,11,22,11,11,22,11,21,21,11,21,22,11,11,22,22,22,11,22,22,21,21,11,21,21,22,22,21,21,21,11,11,11,21,21,11,11
ZHG_demo26,21,22,11,21,21,22,21,21,11,11,22,22,21,11,22,22,22,21,11,22,11,22,22,11,11,11,21,22,21,11,22,21,22,21,11,21,22,22,22,22,11,21,11,11,11,22,22,22,21,22,21,22,22,11,11,11,21,21
ZHG_demo27,22,21,22,21,21,21,11,21,11,11,21,22,22,22,21,22,11,22,21,22,11,21,22,21,21,21,22,21,22,11,22,11,22,21,22,21,11,22,21,11,11,22,11,21,11,11,21,11,11,11,11,21,11,21,11,11,11,11
ZHG_demo28,21,21,21,22,11,11,21,22,11,21,11,11,21,21,11,11,21,11,11,21,11,11,22,21,22,22,22,11,11,22,22,22,11,22,22,21,21,11,21,21,21,11,21,11,22,21,11,21,22,11,11,11,22,22,22,11,22,21
ZHG_demo29,22,11,21,22,21,21,11,21,21,11,11,11,21,21,21,11,22,21,22,11,21,22,21,21,21,22,11,21,11,11,22,22,11,21,22,21,21,21,11,21,11,11,21,21,21,21,11,21,21,11,22,22,11,22,11,21,21,22
ZHG_demo30,21,22,22,21,21,22,21,11,21,21,11,21,21,22,21,21,11,22,22,22,21,22,11,22,11,22,22,11,22,22,22,21,11,22,11,11,11,22,22,11,21,11,21,11,11,11,22,21,21,11,22,22,21,22,21,21,21,22
ZHG_demo31,21,21,11,21,21,11,11,22,21,22,22,11,22,21,11,21,21,11,21,11,21,11,22,21,11,21,21,21,11,22,22,22,11,22,11,21,21,22,11,21,11,11,21,11,21,21,21,11,21,11,21,21,22,22,22,11,11,21
ZHG_demo32,21,21,21,11,21,21,22,21,21,21,11,22,21,21,22,21,11,21,11,11,21,22,11,22,21,11,21,22,21,21,11,21,21,21,11,22,22,21,11,21,22,11,22,22,11,11,21,21,22,11,11,21,22,22,21,11,21,21
ZHG_demo33,21,21,11,21,11,21,22,11,22,21,21,21,11,22,11,11,21,22,21,11,21,22,21,22,22,21,11,21,11,11,21,11,11,21,21,21,11,22,11,22,21,22,21,21,22,21,22,21,11,11,21,21,22,11,22,21,21,22
ZHG_demo34,21,11,22,11,11,11,22,21,11,11,11,21,21,22,21,22,22,22,22,22,11,21,11,22,21,11,11,22,11,11,11,11,11,22,22,11,22,22,21,11,22,22,11,21,11,21,11,11,11,11,21,21,22,11,21,21,21,11
ZHG_demo35,22,21,11,21,21,22,21,21,11,11,22,11,11,22,21,22,11,22,21,22,11,11,22,21,22,21,21,22,21,11,22,21,11,22,11,11,11,21,22,22,21,22,11,22,21,11,21,11,11,22,11,21,22,21,11,21,21,11
ZHG_demo36,22,21,11,22,22,22,21,21,21,22,21,11,21,21,22,21,11,22,11,22,22,21,11,22,21,22,22,22,22,22,22,21,22,11,21,11,22,11,22,22,21,21,22,21,11,21,21,11,21,22,11,22,11,22,22,21,22,21
ZHG_demo37,11,22,22,11,11,22,11,21,11,11,22,21,11,21,21,21,22,11,22,11,11,22,21,21,11,22,21,21,11,11,22,11,21,21,21,21,22,22,11,11,11,22,21,11,21,11,11,11,11,11,21,11,21,22,11,21,22,22
ZHG_demo38,22,21,11,11,21,11,21,11,22,11,21,21,22,21,11,11,22,21,22,11,22,21,22,21,21,11,11,11,21,22,21,11,11,22,11,11,11,22,21,11,22,11,22,11,22,11,21,11,22,11,21,11,22,22,21,22,11,11
ZHG_demo39,11,22,11,11,11,21,22,22,22,21,22,21,21,22,11,11,22,22,21,22,21,22,11,11,22,21,11,21,22,22,11,22,11,21,11,11,21,11,11,22,21,11,21,21,11,22,21,11,21,22,22,22,11,11,22,11,22,11
ZHG_demo40,22,21,22,22,11,11,11,11,11,11,21,22,22,22,21,22,21,21,21,22,21,22,22,11,11,21,21,22,21,21,22,21,21,22,22,11,22,11,21,22,22,22,21,11,21,21,22,11,21,22,21,21,22,22,11,21,22,22
ZHG_demo41,11,11,22,11,22,21,11,21,21,21,22,21,21,21,22,21,21,11,22,21,11,22,22,22,22,22,22,21,21,21,21,11,21,22,21,21,22,21,21,21,11,21,22,22,21,21,21,22,22,11,11,11,22,11,21,21,22,11
ZHG_demo42,21,22,11,21,11,22,11,22,11,21,22,22,22,11,11,21,22,22,11,11,21,21,11,22,21,11,11,22,11,11,21,11,11,21,22,22,21,21,22,22,22,22,22,21,11,22,22,11,11,11,11,11,11,21,11,11,21,11
ZHG_demo43,22,22,11,21,22,21,22,11,21,21,21,22,22,22,11,22,11,21,21,11,22,11,21,21,11,22,22,11,11,22,21,11,22,22,21,21,21,21,21,11,22,11,11,11,11,11,21,21,22,11,22,21,21,21,11,11,21,22
ZHG_demo44,22,21,22,21,22,21,22,11,21,21,22,21,21,21,11,11,22,11,22,11,22,11,11,22,21,21,11,22,21,22,21,22,11,22,21,11,22,21,11,22,21,22,22,11,11,21,11,21,22,22,21,22,11,22,11,21,21,22
ZHG_demo45,22,11,11,22,22,21,21,21,22,22,22,21,22,11,22,22,22,22,22,11,11,22,21,22,22,22,21,21,21,11,21,11,11,21,21,21,11,22,21,21,21,11,11,22,21,11,22,21,11,21,21,11,11,11,21,21,22,21
ZHG_demo46,11,21,22,22,11,11,22,22,22,11,22,22,11,21,21,22,21,21,21,21,22,21,21,11,22,11,11,22,21,11,22,21,22,11,21,21,22,21,11,11,11,22,21,21,21,11,21,11,21,11,21,22,22,11,11,21,21,22
ZHG_demo47,21,11,11,11,11,11,22,22,11,21,11,22,11,22,22,11,11,21,22,21,11,22,21,21,21,11,11,11,22,11,22,21,21,11,21,11,22,21,11,21,21,11,21,21,21,21,22,21,21,11,22,11,11,11,22,11,11,11
ZHG_demo48,21,11,22,22,21,22,22,21,11,21,11,11,22,21,22,22,11,22,21,22,22,11,21,22,11,22,21,22,22,11,22,11,21,22,21,21,22,11,21,21,22,22,22,22,22,22,11,21,11,11,22,21,11,22,22,21,11,11
ZHG_demo49,11,22,21,21,11,22,11,21,22,11,11,22,21,22,11,11,11,11,21,21,11,21,21,21,11,22,22,22,11,21,21,11,11,22,22,11,22,21,11,11,21,21,21,22,11,22,21,22,21,22,22,21,22,11,22,22,11,21
ZHG_demo50,11,22,21,22,22,11,11,21,21,21,22,11,11,11,21,11,11,11,21,11,21,11,11,11,21,21,11,22,21,21,11,22,11,21,21,11,11,22,22,21,22,22,21,21,21,21,11,21,21,21,22,21,11,11,21,11,22,21
ZHG_demo51,11,11,21,11,21,11,22,11,11,21,11,21,22,21,21,11,22,21,11,11,21,11,21,21,21,22,21,11,22,11,22,22,22,22,11,21,11,21,11,22,22,21,21,11,21,11,21,21,21,22,22,11,21,11,21,22,22,21
ZHG_demo52,21,22,22,11,22,21,11,21,11,21,22,21,11,21,11,21,22,22,21,21,21,11,21,21,11,22,21,21,22,22,11,21,21,11,22,11,22,11,22,11,22,22,22,22,22,21,22,21,22,21,21,11,22,11,11,22,11,22
ZHG_demo53,11,22,22,22,21,11,21,11,11,11,21,11,21,22,11,11,22,22,11,22,21,21,11,21,21,11,22,11,21,11,11,21,21,11,21,21,21,21,21,21,22,11,21,11,22,21,11,21,21,21,21,21,21,21,22,22,21,21
ZHG_demo54,22,22,22,21,11,11,11,11,21,11,22,22,11,22,21,11,11,21,22,21,21,22,21,22,22,21,22,21,22,11,22,22,21,22,11,11,22,22,11,21,11,11,22,22,11,21,11,11,21,11,11,22,21,22,22,21,21,11
ZHG_demo55,22,21,22,22,21,11,22,21,11,22,21,22,21,21,22,22,21,11,22,21,21,11,11,11,22,21,21,21,11,21,22,11,11,11,11,22,21,22,21,22,11,11,22,22,21,22,22,21,21,21,22,21,11,11,11,22,11,22
ZHG_demo56,22,11,21,22,11,22,21,21,11,22,22,22,22,11,21,11,22,22,21,22,11,11,21,11,11,11,11,22,11,21,21,11,21,11,21,21,11,11,22,11,11,22,11,11,22,11,11,22,22,21,11,21,21,22,11,11,22,21
ZHG_demo57,22,11,22,11,21,11,21,21,11,11,21,22,11,21,21,22,11,21,22,21,11,22,21,22,11,22,11,21,11,21,21,11,21,22,21,11,22,22,21,21,11,22,11,21,22,11,11,11,11,11,22,11,22,11,21,21,11,21
ZHG_demo58,22,11,22,11,21,22,21,21,11,22,21,11,11,11,21,11,22,22,21,22,11,21,11,21,21,11,22,22,21,11,11,21,22,11,22,22,21,21,22,11,11,21,22,11,11,21,22,11,21,11,11,11,21,22,21,22,11,22
ZHG_demo59,11,11,21,11,21,22,22,11,21,11,21,21,21,22,21,22,21,22,22,22,11,21,11,21,21,11,22,21,22,11,22,21,21,21,11,21,11,22,21,21,21,22,21,11,22,22,22,22,22,11,22,21,22,22,22,22,22,11
ZHG_demo60,11,22,11,21,22,21,21,22,21,21,21,22,22,21,22,22,21,22,11,22,11,21,22,21,21,21,21,21,22,11,22,22,22,22,11,22,21,22,22,11,11,21,22,22,22,21,11,21,22,11,11,21,11,11,22,22,11,11
ZHG_demo61,21,21,11,22,11,11,22,22,21,21,21,21,22,11,21,21,22,22,11,11,22,21,21,21,11,21,21,22,21,22,21,11,21,21,22,22,22,21,21,11,21,11,22,22,22,11,21,22,21,21,22,11,21,22,21,21,21,21
ZHG_demo62,21,11,11,22,11,11,11,21,21,22,22,22,21,11,11,21,22,22,22,21,22,22,21,11,21,21,21,21,11,22,21,11,22,22,22,21,21,22,22,22,22,22,22,11,22,21,21,21,22,21,11,22,21,11,11,21,11,21
ZHG_demo63,11,22,22,22,22,22,21,22,22,22,22,11,22,22,21,11,21,22,21,21,22,11,11,21,22,21,21,21,22,22,11,22,21,21,11,22,21,11,11,21,21,22,11,21,11,22,21,22,11,22,22,11,22,11,21,11,11,21
ZHG_demo64,11,21,21,11,22,22,21,22,22,11,21,21,11,22,21,22,21,21,21,21,22,22,22,22,11,21,21,21,11,22,21,22,22,11,11,22,21,21,11,11,11,11,11,11,11,21,11,11,21,21,22,11,11,11,11,22,21,21
ZHG_demo65,11,11,11,22,22,21,11,11,11,11,22,21,21,22,11,21,21,22,11,21,11,21,22,11,22,21,22,22,22,21,11,22,11,21,11,22,22,22,22,22,22,21,21,21,11,11,21,11,11,22,22,11,11,21,11,22,11,21
ZHG_demo66,22,22,22,22,11,21,11,11,22,21,22,11,11,22,11,11,22,11,21,22,21,11,11,22,11,22,22,22,22,22,21,22,21,11,22,11,22,21,21,21,11,22,11,21,11,21,21,21,22,22,21,11,11,22,21,11,21,11
ZHG_demo67,22,21,21,11,11,11,21,22,22,11,22,11,22,21,11,22,21,22,21,21,22,22,21,21,21,11,21,11,21,11,21,21,21,22,22,21,11,11,21,22,11,22,11,21,22,11,21,21,21,22,22,21,22,11,21,21,22,21
ZHG_demo68,11,22,22,21,21,21,22,21,11,21,21,22,21,22,21,11,11,22,22,21,21,11,21,11,22,21,22,21,11,22,22,21,22,11,22,22,21,22,21,21,22,11,21,22,21,11,11,21,11,22,22,21,11,22,22,22,21,21
ZHG_demo69,22,22,11,11,11,21,22,21,22,11,11,11,11,22,11,22,22,21,11,11,21,22,11,22,21,22,11,22,22,11,11,22,22,21,11,22,11,21,22,22,22,11,21,11,22,21,22,22,11,22,21,22,22,11,21,11,22,11
ZHG_demo70,11,11,11,22,22,21,11,11,21,11,21,22,21,11,21,22,11,22,22,21,22,11,22,22,21,22,21,21,11,11,11,11,21,22,11,11,11,22,11,22,21,21,21,22,11,11,11,11,11,22,21,11,21,22,22,11,22,21
ZHG_demo71,11,11,21,11,11,21,11,11,21,22,21,11,21,11,11,21,11,22,11,21,22,22,11,21,11,11,21,21,11,22,11,22,11,21,22,21,21,21,21,21,11,22,11,11,11,21,11,22,11,21,22,22,22,22,11,21,22,22
ZHG_demo72,21,11,22,11,11,11,11,22,22,11,11,21,21,21,22,21,22,22,22,22,21,11,11,11,21,11,21,21,21,11,11,11,22,21,22,21,11,21,21,22,21,11,21,21,21,22,21,21,22,22,22,22,11,11,21,11,21,11
ZHG_demo73,22,22,11,11,21,21,21,22,22,22,22,21,22,22,22,22,11,21,21,22,11,21,21,22,22,21,21,11,21,21,22,21,22,21,21,21,11,22,11,21,11,22,21,11,11,22,11,22,21,21,11,21,21,11,21,11,22,22
ZHG_demo74,22,11,11,21,21,21,21,21,11,11,22,22,22,22,11,11,11,21,21,22,21,11,22,22,21,22,21,21,22,21,21,21,21,22,11,11,21,21,21,11,21,22,22,22,11,21,21,21,11,11,11,11,22,11,11,11,21,21
ZHG_demo75,21,22,22,11,21,22,21,22,22,11,11,22,11,22,22,21,11,11,11,21,21,21,11,11,11,21,21,22,21,22,11,21,11,11,11,11,21,11,22,21,11,21,22,11,22,11,22,11,21,11,21,11,11,22,22,22,11,11
ZHG_demo76,11,21,21,11,22,22,22,11,22,11,21,22,21,22,11,11,11,11,22,21,11,22,21,11,21,11,21,21,11,22,21,11,21,21,22,21,21,11,11,22,21,21,21,22,21,11,22,11,11,22,11,21,22,11,21,21,11,21
ZHG_demo77,22,11,21,21,11,11,11,11,22,11,22,22,11,22,11,11,21,11,21,22,21,22,11,22,22,11,22,11,21,11,11,22,21,11,21,21,22,11,22,11,21,11,11,21,21,11,22,11,21,22,21,21,22,21,21,21,21,21
ZHG_demo78,21,21,21,21,11,11,21,11,22,11,21,21,11,21,22,22,21,22,22,11,22,11,21,11,21,21,21,21,21,11,21,22,22,21,22,11,11,21,21,21,22,22,11,22,11,22,11,21,22,11,22,21,11,22,22,21,21,11
ZHG_demo79,22,22,21,21,11,22,22,11,11,21,21,11,11,22,11,11,22,11,21,21,22,11,21,21,21,21,11,11,11,11,21,22,22,21,21,22,22,21,21,11,11,22,21,22,11,11,22,11,21,22,21,21,11,21,22,21,21,21
ZHG_demo80,21,21,11,22,11,22,22,22,22,22,21,11,11,21,22,11,21,21,11,11,22,22,11,22,21,22,22,21,22,21,22,11,22,11,11,11,11,11,21,21,21,11,22,21,22,22,11,11,11,21,11,21,21,21,21,11,21,11
ZHG_demo81,11,21,11,22,11,11,21,21,11,21,22,22,21,11,22,22,11,21,22,11,11,22,21,22,11,22,21,11,21,22,22,21,22,21,22,21,21,11,11,21,22,22,22,21,21,21,21,11,21,22,11,22,21,11,21,11,22,21
ZHG_demo82,21,11,11,21,11,21,11,22,11,22,11,11,21,11,11,22,11,21,22,21,21,21,21,22,11,21,22,21,11,22,22,11,22,11,22,22,11,11,22,22,11,11,22,22,22,11,22,21,11,22,11,21,11,22,21,21,22,22
ZHG_demo83,22,11,11,11,22,22,11,21,11,21,22,22,11,11,22,11,22,22,21,11,22,11,21,21,11,11,22,21,21,21,11,22,11,11,11,22,11,21,21,21,22,11,22,11,21,11,11,11,22,11,11,11,22,22,22,11,21,21
ZHG_demo84,21,11,21,21,21,11,21,21,11,22,21,22,21,11,22,22,22,22,21,21,22,21,22,22,11,22,21,22,11,21,11,11,22,11,11,21,11,22,22,22,11,21,22,11,22,22,21,22,21,11,22,11,11,11,22,21,22,11
ZHG_demo85,21,11,21,22,21,22,11,21,11,21,22,21,21,22,22,22,21,11,21,21,11,22,21,11,22,22,21,22,22,11,11,22,11,22,21,11,22,22,11,11,21,22,21,21,21,11,21,11,11,21,21,22,21,22,21,21,21,21
ZHG_demo86,22,22,21,21,22,11,11,11,22,22,11,11,21,22,22,11,11,22,21,11,22,22,21,21,11,11,11,22,11,22,11,21,21,22,21,22,22,21,22,21,11,11,21,21,21,21,11,22,22,11,22,11,22,21,21,21,11,11
ZHG_demo87,22,22,22,11,22,21,22,21,11,21,21,21,11,11,11,11,22,11,21,11,22,22,22,21,11,11,11,21,21,22,22,11,21,21,11,11,22,22,22,11,11,22,22,21,21,22,22,21,22,21,21,21,11,11,22,21,11,22
ZHG_demo88,22,22,22,22,21,22,21,11,22,11,21,21,11,22,22,11,11,11,22,22,22,11,22,21,11,22,11,21,21,11,11,21,11,21,21,22,11,11,22,21,11,22,22,11,22,21,22,21,21,11,22,21,21,22,21,22,11,21
ZHG_demo89,21,22,22,22,22,21,11,11,11,11,22,21,21,21,22,21,22,21,11,22,21,11,11,11,22,22,21,11,21,21,11,21,22,21,11,22,22,21,21,22,21,11,21,21,22,21,21,21,11,21,11,11,11,11,22,11,21,11
ZHG_demo90,21,11,22,11,11,22,11,21,11,11,11,22,11,11,21,11,11,11,11,21,21,22,11,22,22,11,21,21,11,11,21,11,11,11,21,22,22,11,21,11,21,11,21,21,22,11,22,22,21,11,21,21,21,11,11,21,11,21
ZHG_demo91,11,11,22,21,22,22,21,21,11,21,22,22,21,22,11,22,11,22,11,11,21,11,21,22,22,22,11,22,22,21,21,22,22,11,11,22,21,22,11,21,21,11,22,22,22,11,21,11,22,11,21,11,22,21,11,11,21,21
ZHG_demo92,22,21,22,11,22,11,21,11,21,11,11,11,11,22,11,22,21,21,22,21,21,11,11,11,22,22,21,11,22,22,11,22,11,21,21,21,11,22,21,21,21,22,22,11,21,22,11,21,22,22,11,21,21,22,21,11,22,22
ZHG_demo93,11,22,21,21,22,11,11,21,11,22,22,21,21,21,11,22,22,22,21,22,11,11,22,21,22,11,11,11,22,11,21,22,22,11,11,21,22,11,21,11,22,11,22,11,22,21,22,21,22,21,11,22,11,21,22,22,11,22
ZHG_demo94,22,11,22,11,11,11,11,11,21,21,11,21,21,22,11,21,22,22,11,11,22,11,11,22,22,11,21,11,21,22,21,22,11,11,22,22,22,11,11,21,22,21,11,21,21,11,11,22,21,11,11,21,11,22,22,21,22,11
ZHG_demo95,11,11,11,21,22,22,11,21,11,11,21,21,11,22,11,22,22,21,21,11,22,22,11,11,11,21,11,11,22,11,22,22,21,11,11,22,21,21,11,22,11,11,11,11,22,21,11,11,11,11,21,21,21,21,11,22,21,21
ZHG_demo96,11,11,11,11,22,22,21,22,21,21,22,21,11,21,11,22,22,21,11,21,22,21,21,11,22,21,11,21,11,11,21,22,22,11,22,11,22,21,22,11,11,22,21,11,11,11,11,11,21,22,21,21,11,21,11,21,11,11
ZHG_demo97,21,21,22,22,22,21,21,11,22,11,11,11,11,22,11,21,21,21,22,11,22,11,22,22,11,22,11,21,21,21,22,21,11,21,21,22,11,22,22,11,22,11,21,11,11,11,22,11,11,11,21,11,22,11,11,21,11,22
ZHG_demo98,11,22,21,11,21,11,22,21,11,22,21,11,21,11,22,22,21,21,11,22,11,22,21,11,11,22,22,22,21,11,22,21,22,11,22,11,21,21,22,11,11,11,22,11,11,11,11,22,22,11,11,21,21,11,11,21,21,11
ZHG_demo99,22,22,11,11,21,21,22,11,21,22,22,22,21,21,11,11,22,22,21,21,11,11,11,21,22,11,11,21,11,22,21,11,11,21,21,11,22,21,22,11,22,11,11,11,11,22,11,11,22,21,22,22,22,11,11,11,21,11
ZHG_demo100,21,11,22,11,21,21,11,22,11,11,11,22,21,22,21,21,21,22,11,11,11,11,11,22,22,22,22,22,22,22,11,21,22,21,22,22,11,21,11,11,21,11,22,22,22,22,22,11,11,22,22,11,21,11,11,11,11,11
